Temperature (Â°C),Vibration (mm/s),Pressure (bar),Rotational Speed (RPM),Torque (Nm),Tool Wear (%),Humidity (%),Energy Consumption (kWh),Operating Hours,Load (%),Ambient Light (lux),Failure Mode
24,1,62,687,16,13,49,32,468,16,254,No Failure
43,4,70,1149,218,73,75,22,109,99,658,No Failure
78,0,77,1369,181,76,42,35,138,81,133,No Failure
46,0,189,1884,163,3,73,25,144,97,298,No Failure
30,0,84,1599,146,90,71,23,17,44,505,No Failure
79,3,83,814,86,40,34,15,147,61,860,No Failure
60,3,75,841,151,82,88,25,241,28,539,No Failure
45,1,62,4323,38,75,83,34,322,61,227,No Failure
61,1,125,4555,117,98,81,31,136,45,592,No Failure
73,2,108,4232,239,65,88,10,255,42,425,Pressure Drop
34,0,186,1162,124,21,79,16,105,11,583,No Failure
50,4,78,1637,39,88,35,34,102,84,668,Overheating
50,4,85,1150,132,9,77,22,440,29,707,Overheating
64,4,77,574,56,32,80,38,491,71,950,No Failure
65,3,113,3825,57,7,60,27,457,28,788,No Failure
42,4,115,1561,282,82,47,49,55,75,846,No Failure
20,2,115,1560,117,99,85,24,60,15,874,No Failure
22,4,62,1634,56,56,74,41,149,38,282,No Failure
37,1,120,769,28,88,85,24,423,14,536,No Failure
67,3,64,2116,42,29,42,21,211,43,137,No Failure
59,2,164,2925,239,3,64,28,479,28,934,No Failure
69,2,193,2600,172,64,87,11,113,54,456,Component Wear
68,4,190,902,151,37,58,8,116,29,456,No Failure
42,3,138,4124,18,18,64,7,120,16,209,No Failure
58,4,50,3985,85,65,30,21,448,38,654,No Failure
37,0,182,2509,16,30,52,32,14,62,586,No Failure
23,0,117,2418,183,78,33,12,46,84,788,No Failure
39,3,165,3279,33,44,48,17,335,66,966,No Failure
43,0,177,1582,145,41,41,38,24,45,827,No Failure
65,0,92,981,111,38,84,39,462,96,425,No Failure
26,1,77,505,44,6,42,15,61,78,912,No Failure
72,4,98,2865,99,5,33,30,482,12,504,No Failure
51,4,80,2098,195,80,68,20,455,41,985,No Failure
34,4,73,2865,255,46,78,42,408,47,333,No Failure
63,1,68,4008,179,52,51,6,302,73,665,No Failure
61,2,173,3379,270,69,85,29,214,92,366,Component Wear
60,0,97,3884,72,85,75,23,177,69,628,No Failure
55,1,162,3280,245,36,67,14,332,37,703,No Failure
46,4,163,4146,189,98,35,10,246,56,167,Pressure Drop
72,0,130,4495,174,8,34,38,70,83,814,No Failure
49,2,186,3834,75,65,88,34,177,92,791,No Failure
73,4,106,4599,58,69,76,24,264,49,294,No Failure
57,2,108,4514,203,14,84,28,462,72,630,No Failure
77,1,172,566,176,27,74,36,206,58,981,No Failure
57,3,115,4367,17,31,35,42,145,35,831,No Failure
42,0,176,2957,12,28,51,16,120,94,449,Overheating
42,2,135,524,203,58,48,36,227,81,288,High Vibration
44,2,92,2684,192,83,74,15,310,33,860,No Failure
26,4,117,2414,97,62,54,15,416,53,593,No Failure
57,4,50,1971,29,56,41,8,485,58,947,No Failure
45,2,107,4510,110,1,46,13,106,33,755,No Failure
72,3,146,1702,238,26,36,20,427,25,977,No Failure
64,3,127,4352,257,69,65,20,448,45,415,No Failure
54,2,82,2947,103,66,40,24,247,62,845,No Failure
69,0,75,4863,213,73,34,19,199,14,392,No Failure
64,1,188,2530,248,57,69,7,63,62,262,No Failure
25,3,192,3157,164,2,47,15,217,96,262,No Failure
21,0,83,3475,145,87,78,11,323,59,469,No Failure
38,1,91,2230,156,2,34,39,381,57,709,Pressure Drop
50,0,94,1196,242,97,57,6,31,68,282,No Failure
52,2,160,4395,206,63,75,30,455,82,898,High Vibration
29,2,77,2566,12,78,54,12,34,85,953,No Failure
75,1,193,3698,212,79,56,24,83,12,394,No Failure
76,4,55,1704,174,43,50,45,328,19,974,No Failure
69,0,157,890,249,75,71,20,473,37,772,No Failure
53,0,57,2144,109,71,32,37,191,39,539,No Failure
66,0,155,3640,253,17,41,41,69,80,642,No Failure
35,3,96,2173,175,19,32,19,327,10,187,No Failure
45,0,135,2413,234,28,39,19,381,76,254,No Failure
38,1,74,632,92,6,59,34,194,63,887,No Failure
72,1,60,4241,178,8,66,6,61,11,579,No Failure
54,4,70,1443,238,59,57,13,111,74,440,Overheating
67,4,179,1654,16,70,43,28,484,31,388,No Failure
36,3,180,1824,43,1,36,45,117,69,652,No Failure
74,3,154,1035,218,68,46,12,211,41,280,No Failure
20,0,83,4714,261,42,49,40,246,23,970,No Failure
79,1,81,3846,297,88,41,17,374,36,173,No Failure
29,3,169,3537,228,96,70,9,302,24,409,Component Wear
63,3,136,4873,170,35,35,36,335,73,528,No Failure
49,4,143,1411,250,6,66,14,10,96,539,No Failure
70,2,111,1941,57,65,80,24,456,34,377,No Failure
49,3,198,3680,223,40,48,36,309,61,992,No Failure
60,3,144,1867,285,40,60,46,278,30,102,Overheating
66,1,127,2799,256,15,36,42,473,42,345,No Failure
78,1,190,1017,279,83,47,29,313,34,470,No Failure
74,0,144,4086,77,56,49,21,396,43,337,No Failure
54,1,79,4040,161,57,54,42,301,69,773,Component Wear
57,2,166,1654,292,30,68,31,287,34,292,No Failure
42,2,77,1171,49,83,36,23,39,87,812,No Failure
52,0,152,4681,153,69,33,48,67,74,955,No Failure
28,4,168,2962,219,74,36,26,286,86,310,Component Wear
51,0,179,4860,107,37,66,33,288,50,241,No Failure
41,2,198,2759,95,87,66,35,383,66,168,No Failure
43,1,108,1822,274,34,40,32,230,75,790,No Failure
53,2,139,2354,120,98,61,15,343,32,275,No Failure
51,0,82,3067,53,79,46,26,220,98,157,Overheating
69,4,167,845,182,83,31,31,85,33,118,No Failure
30,3,75,541,53,41,34,32,331,22,552,No Failure
66,2,69,2209,127,99,83,49,47,22,911,No Failure
34,3,120,1746,11,15,30,46,387,33,992,No Failure
24,4,117,3383,158,4,56,38,378,50,533,No Failure
21,0,96,1541,28,20,70,10,348,33,631,No Failure
47,3,141,4794,37,13,50,5,302,13,319,No Failure
36,0,105,3884,152,36,75,39,367,81,497,No Failure
24,3,145,2004,275,18,54,38,55,99,723,Pressure Drop
52,2,163,1421,254,22,44,38,482,81,660,No Failure
50,4,132,2777,115,88,34,9,247,28,512,No Failure
20,0,190,536,172,2,36,10,138,90,904,No Failure
55,0,169,822,77,41,68,42,18,85,441,No Failure
74,4,70,3159,73,60,89,36,19,28,606,No Failure
22,0,113,3959,240,12,37,9,432,12,560,No Failure
67,1,174,2237,37,86,58,49,350,67,382,No Failure
68,1,97,4786,191,44,32,30,178,38,611,Overheating
48,0,145,2377,45,2,47,28,197,38,792,No Failure
58,0,61,1450,57,39,75,32,157,28,834,No Failure
30,4,183,2801,43,37,39,12,312,28,369,No Failure
32,3,197,2000,17,0,81,30,227,72,249,No Failure
29,4,126,4269,146,14,83,18,28,12,939,No Failure
68,1,82,3383,197,4,76,30,95,20,556,No Failure
60,2,77,1133,284,5,77,34,109,56,229,No Failure
63,3,193,2309,269,6,60,13,38,56,711,Pressure Drop
61,1,192,729,181,94,41,7,116,16,541,No Failure
53,1,182,4393,156,3,49,46,376,49,657,No Failure
31,2,100,2005,286,47,36,10,459,53,603,No Failure
24,0,136,2051,268,22,79,13,37,29,685,High Vibration
71,1,59,1200,199,16,67,15,390,99,400,Overheating
28,3,161,3418,234,35,38,41,345,78,162,No Failure
26,2,133,2834,36,56,79,26,194,69,836,No Failure
75,4,109,3054,260,95,57,24,369,17,289,No Failure
67,4,121,3840,299,72,36,47,282,94,288,High Vibration
30,2,94,1338,187,95,80,5,199,26,612,Component Wear
53,3,156,3035,176,6,86,48,463,69,718,No Failure
63,2,131,1702,114,12,34,33,437,54,935,Overheating
40,4,148,4029,224,30,77,37,174,27,218,No Failure
26,4,93,1470,59,58,75,39,336,40,959,No Failure
40,4,124,2556,242,71,31,15,438,86,927,Overheating
63,4,151,797,178,61,78,36,484,83,796,No Failure
59,1,95,2929,124,85,81,10,496,72,655,Component Wear
38,4,115,4386,62,86,44,36,498,54,750,No Failure
37,0,94,4606,173,42,80,40,76,87,137,No Failure
42,1,77,909,164,98,54,47,386,13,963,No Failure
40,0,127,912,273,72,63,33,145,50,553,No Failure
63,4,132,2227,283,84,34,5,346,65,137,No Failure
24,4,121,1686,261,46,61,9,112,94,845,No Failure
68,3,60,1227,200,55,43,5,369,52,413,No Failure
56,3,141,3463,161,64,31,33,53,21,141,No Failure
67,4,105,1614,110,92,74,23,419,90,318,No Failure
47,4,52,4689,95,48,59,25,201,98,187,High Vibration
39,2,128,4039,117,44,82,47,464,26,209,No Failure
36,3,81,4003,223,1,64,32,363,20,725,No Failure
44,4,113,2319,82,2,86,40,173,10,468,No Failure
64,4,98,3993,78,38,43,9,422,50,774,No Failure
35,4,64,2928,43,76,62,45,115,67,362,No Failure
68,1,193,2965,61,66,51,10,56,32,990,No Failure
69,4,144,2321,34,4,49,13,373,60,843,No Failure
60,0,186,1874,283,29,32,18,391,25,950,No Failure
57,3,71,2908,162,59,52,26,489,62,339,No Failure
26,1,105,575,269,57,84,34,119,29,155,No Failure
76,4,146,4670,208,41,37,29,425,12,759,No Failure
28,3,52,2478,247,96,44,33,226,80,792,No Failure
34,0,67,1877,193,0,33,11,264,20,205,No Failure
25,4,136,4831,203,7,53,11,282,43,728,High Vibration
44,1,108,4185,220,34,71,29,297,47,735,No Failure
73,4,163,3616,243,16,64,46,450,12,841,No Failure
49,4,131,1162,226,78,69,39,112,86,390,No Failure
21,0,101,4529,112,53,89,28,419,25,774,No Failure
25,2,86,2599,173,78,46,18,269,47,547,No Failure
64,4,154,769,184,95,67,11,67,78,731,No Failure
58,2,108,1039,190,12,60,46,316,30,925,Component Wear
29,3,62,1790,132,73,49,48,198,68,858,Pressure Drop
64,0,147,3964,178,22,39,11,97,90,553,No Failure
59,1,92,2383,133,61,49,15,415,36,226,No Failure
32,1,64,2813,240,19,59,42,330,95,381,No Failure
70,0,122,3203,188,66,62,12,482,31,967,No Failure
67,0,139,3541,198,58,88,24,300,78,539,No Failure
26,4,165,4221,266,68,54,44,454,48,332,No Failure
33,4,154,3990,70,46,31,43,124,79,728,Component Wear
43,1,65,3655,40,6,41,24,442,16,591,No Failure
25,4,51,1697,247,40,45,33,165,17,763,No Failure
66,1,104,3330,243,0,54,37,287,74,580,No Failure
64,0,72,3303,271,55,75,19,182,64,599,No Failure
78,4,58,1177,168,51,80,19,485,23,357,No Failure
40,3,134,1629,72,99,76,10,74,48,805,No Failure
46,4,81,2872,158,65,74,49,416,22,768,No Failure
73,0,163,3831,100,91,32,47,70,78,313,No Failure
47,2,100,2458,263,37,51,17,195,93,832,No Failure
79,4,182,4109,94,35,49,19,174,61,875,No Failure
75,2,165,1172,72,25,46,21,160,47,303,No Failure
35,4,154,3355,102,89,73,49,18,90,493,No Failure
73,3,113,2664,241,64,44,22,341,30,506,Pressure Drop
32,2,94,3690,137,56,39,19,71,19,244,Component Wear
71,4,140,834,266,60,72,16,405,50,286,No Failure
45,0,73,4607,99,48,40,17,40,12,243,No Failure
41,3,130,2123,15,86,50,12,256,35,789,No Failure
61,1,74,2861,19,95,55,44,389,97,599,No Failure
29,2,179,3982,205,16,89,17,90,67,413,No Failure
37,1,58,4407,102,4,38,23,277,25,829,No Failure
63,2,67,2937,203,83,33,22,11,20,686,No Failure
77,2,194,4522,67,22,84,14,103,70,642,No Failure
55,4,128,3109,250,87,65,15,38,11,373,No Failure
33,3,110,2521,75,27,71,16,363,87,377,No Failure
59,0,89,2802,33,4,82,30,258,61,930,No Failure
35,0,53,856,87,27,35,6,244,55,105,No Failure
57,3,131,3768,196,27,38,49,51,75,902,No Failure
68,3,88,4273,191,92,74,29,433,80,707,No Failure
48,4,152,2010,109,76,85,48,51,59,531,No Failure
79,2,57,3023,115,2,81,10,213,45,578,No Failure
32,4,160,1660,260,77,30,48,364,94,800,No Failure
33,2,76,995,189,44,59,48,77,99,499,No Failure
76,2,146,2534,165,68,39,45,199,25,757,No Failure
24,0,87,2200,43,69,77,15,382,68,955,No Failure
79,1,52,2885,34,93,77,37,466,13,389,No Failure
64,3,199,3988,86,98,89,24,484,95,789,No Failure
65,0,148,2905,194,34,88,22,260,14,141,Overheating
71,4,121,4767,97,83,62,37,295,96,604,No Failure
51,0,103,602,113,12,49,33,435,56,438,No Failure
74,3,149,1582,238,8,82,36,196,62,481,Pressure Drop
48,0,185,2028,130,62,84,30,409,23,862,No Failure
57,2,64,3959,168,38,35,14,367,85,264,No Failure
56,4,185,1537,75,49,81,22,295,62,327,Overheating
44,0,64,3856,71,23,40,10,362,22,484,No Failure
65,2,119,4645,41,87,74,28,309,40,214,No Failure
34,1,162,2604,165,26,69,43,46,85,209,No Failure
56,4,130,2482,291,7,30,13,149,66,135,No Failure
43,1,98,4037,282,24,68,31,474,19,493,No Failure
58,3,77,2125,95,72,58,43,475,20,986,No Failure
44,2,138,3306,22,30,39,13,485,94,484,No Failure
35,4,181,3033,123,36,73,41,438,56,742,No Failure
42,2,79,2604,29,56,42,8,385,34,389,Overheating
66,1,166,2839,32,66,52,32,95,75,157,No Failure
33,0,144,648,112,50,73,34,190,57,165,No Failure
77,1,157,3231,266,59,36,18,131,50,630,Component Wear
43,1,75,4398,249,49,41,12,127,66,544,No Failure
76,4,115,4661,10,35,88,45,492,29,688,No Failure
26,2,152,1089,98,27,50,41,17,29,179,No Failure
66,4,91,4851,124,26,71,18,82,81,952,No Failure
62,3,57,4722,99,4,32,49,77,77,763,Overheating
61,1,175,1835,288,20,48,18,162,28,508,Component Wear
34,1,108,2071,120,70,78,10,267,95,143,No Failure
63,4,120,1728,232,35,64,48,214,80,224,No Failure
47,3,191,3536,294,38,48,43,117,16,662,Pressure Drop
61,1,158,2664,178,32,69,26,410,12,182,No Failure
29,0,169,1165,77,23,65,14,96,73,478,Component Wear
27,2,158,3275,165,38,53,34,445,23,244,No Failure
60,0,177,2937,203,9,79,48,345,93,406,No Failure
46,3,170,3830,168,8,43,28,215,44,987,No Failure
69,4,178,1450,170,32,68,26,437,71,498,No Failure
52,2,52,2282,160,12,71,13,323,19,930,No Failure
46,0,178,1939,52,40,54,11,61,37,980,No Failure
31,3,82,3135,193,76,61,27,201,45,554,No Failure
23,0,141,779,151,53,38,39,238,83,924,No Failure
70,1,51,3568,259,77,38,5,493,59,262,No Failure
62,3,188,3406,126,48,49,32,50,12,742,No Failure
29,1,154,835,217,24,58,43,397,75,143,No Failure
45,2,150,2846,106,94,46,13,481,64,517,No Failure
65,3,188,2908,86,46,85,6,475,43,594,No Failure
69,1,104,4518,290,9,52,24,405,16,492,No Failure
73,2,169,4685,266,74,74,5,383,34,198,No Failure
45,4,55,3808,25,7,88,28,447,18,587,No Failure
77,2,168,3763,185,3,56,43,387,77,701,No Failure
66,3,119,1472,81,87,42,26,296,73,317,No Failure
63,3,100,3922,232,94,50,47,190,17,375,No Failure
24,1,163,4977,299,64,61,34,499,64,450,No Failure
61,1,137,2261,147,34,55,38,223,43,285,No Failure
60,2,130,3271,161,67,54,19,451,24,955,Component Wear
30,2,179,1181,265,30,59,17,286,87,479,No Failure
24,2,117,2962,186,50,55,21,255,40,116,No Failure
67,0,64,1472,132,60,87,14,104,69,161,No Failure
22,2,81,1254,250,48,34,49,267,27,422,No Failure
55,4,161,4592,244,53,65,14,490,99,665,Component Wear
63,2,116,3864,256,21,87,23,196,75,615,No Failure
64,3,194,3919,49,88,80,33,105,74,674,No Failure
41,3,99,1068,37,18,45,19,428,10,820,No Failure
38,4,192,4937,165,89,37,38,133,62,764,No Failure
54,1,56,2500,13,50,51,33,22,85,494,No Failure
60,0,199,2743,149,16,32,22,212,98,530,No Failure
20,2,167,1892,59,27,65,22,71,61,443,No Failure
77,0,78,4964,78,53,79,21,418,91,179,No Failure
79,4,90,4582,46,90,72,9,148,60,913,No Failure
72,0,159,1371,183,29,74,28,350,54,469,No Failure
71,0,67,4249,132,94,74,14,115,72,104,No Failure
70,2,162,926,21,28,61,33,463,12,161,No Failure
36,0,186,4922,119,1,89,26,376,25,957,No Failure
24,3,121,1506,231,26,66,33,197,66,905,No Failure
33,1,107,2103,212,47,34,24,244,76,105,No Failure
71,1,186,2289,230,24,65,44,441,38,182,No Failure
58,4,76,3391,197,30,77,47,49,35,167,No Failure
52,3,89,567,141,14,59,35,66,29,854,No Failure
41,0,153,1461,247,3,81,42,196,65,955,No Failure
64,1,83,662,299,30,66,36,179,37,631,No Failure
71,2,164,2476,128,49,73,15,296,26,674,No Failure
79,1,154,4048,194,3,79,13,354,20,152,Component Wear
27,1,95,4608,258,57,67,28,269,19,698,No Failure
53,2,177,751,141,5,47,46,331,48,922,No Failure
63,2,194,3893,17,50,63,16,66,18,652,Overheating
56,4,177,1847,68,53,42,12,468,96,391,No Failure
50,4,97,2458,278,30,89,49,169,53,522,No Failure
55,1,128,3275,24,1,57,17,438,31,775,No Failure
26,4,123,4237,278,77,45,17,252,13,960,No Failure
29,2,92,1741,33,97,50,17,96,69,912,No Failure
42,3,64,2279,239,25,39,11,69,96,164,No Failure
29,2,189,3109,73,7,37,36,418,98,711,No Failure
25,0,151,4965,97,88,87,10,214,99,336,No Failure
39,4,175,3031,31,96,69,11,159,84,212,No Failure
33,2,54,4142,151,69,72,49,106,41,872,No Failure
69,2,135,2014,215,33,44,18,482,62,729,No Failure
68,2,65,1087,121,70,39,36,113,34,659,No Failure
65,1,196,2479,289,89,54,20,365,26,703,No Failure
47,2,167,1636,133,74,88,28,144,23,496,No Failure
37,4,115,4767,247,26,43,34,149,55,539,Overheating
25,3,159,2102,28,73,32,5,78,30,766,No Failure
62,4,175,4914,295,30,45,11,330,14,809,No Failure
70,3,193,4245,184,28,73,40,460,77,487,Overheating
64,0,53,2262,263,7,32,37,108,62,997,No Failure
54,3,52,1279,20,58,56,34,150,12,326,No Failure
62,1,73,4657,43,77,56,49,329,29,164,No Failure
20,1,83,623,219,4,48,36,205,48,693,No Failure
30,3,164,2182,87,15,85,22,131,58,760,Pressure Drop
31,2,102,3293,81,45,60,33,245,83,797,No Failure
57,2,126,4080,199,1,44,38,309,59,712,No Failure
26,4,175,4737,129,71,32,34,325,83,550,No Failure
58,4,87,3571,191,69,30,34,457,85,255,No Failure
45,0,170,3644,171,36,36,22,235,26,806,No Failure
22,4,196,825,56,67,37,19,238,92,367,No Failure
66,0,101,1852,28,61,39,25,122,28,214,No Failure
36,0,82,4302,225,43,57,12,489,92,649,No Failure
59,4,136,3592,292,31,46,7,351,95,537,No Failure
52,0,86,1061,59,81,59,5,299,35,636,No Failure
57,4,163,752,23,52,47,15,384,51,248,No Failure
35,1,111,4730,183,98,45,37,322,64,581,No Failure
53,2,196,3757,257,27,81,15,379,48,367,No Failure
51,0,67,3251,148,29,61,11,312,91,609,No Failure
68,2,187,873,288,84,30,20,102,80,772,Component Wear
53,4,127,2113,58,81,48,7,35,89,466,No Failure
63,4,143,3694,200,41,81,26,333,87,215,No Failure
64,3,100,4174,272,60,59,15,311,42,134,High Vibration
74,4,99,3371,109,23,77,38,401,52,936,No Failure
73,4,85,4752,74,29,64,35,20,53,652,No Failure
23,4,193,1623,236,66,65,49,467,91,210,No Failure
72,3,144,3342,161,2,42,15,429,36,900,No Failure
53,4,136,2052,99,5,44,15,257,24,533,No Failure
47,4,187,1207,204,50,35,29,209,37,555,No Failure
43,2,54,979,171,68,71,6,282,59,717,No Failure
74,0,123,3226,224,74,72,37,457,46,335,No Failure
70,1,131,1870,229,64,36,31,353,79,268,No Failure
53,0,158,1886,184,38,45,27,302,95,900,No Failure
66,0,123,1447,43,95,56,36,441,71,714,No Failure
65,3,106,3673,116,77,55,21,374,69,855,No Failure
71,0,134,3698,197,97,82,10,93,98,710,No Failure
39,2,119,3550,35,69,67,43,94,48,771,No Failure
33,3,113,1022,199,58,30,27,478,67,688,No Failure
21,2,155,1134,82,54,86,43,142,40,275,No Failure
67,4,153,3763,144,54,83,42,341,17,868,No Failure
61,2,115,2137,175,48,65,14,363,58,650,No Failure
64,2,194,1891,17,89,54,21,285,26,362,No Failure
55,1,120,4098,118,39,42,10,256,14,986,No Failure
68,4,68,2621,238,60,67,33,302,68,628,No Failure
26,4,197,736,169,64,59,10,206,13,785,No Failure
63,3,75,4615,290,15,53,30,198,77,441,No Failure
22,2,193,4419,242,80,41,33,159,15,567,No Failure
27,4,80,1438,184,61,51,13,144,33,225,No Failure
66,2,157,4051,45,96,38,44,297,87,360,Overheating
64,4,129,2088,236,95,81,12,412,61,441,No Failure
64,1,138,4239,228,85,54,15,419,55,362,Overheating
49,2,180,2844,184,21,33,41,57,47,969,No Failure
28,3,134,4001,48,75,82,35,377,24,305,No Failure
59,3,175,1386,72,28,48,31,451,99,262,No Failure
55,4,174,508,105,24,51,14,283,51,744,No Failure
68,0,161,4391,162,34,51,34,242,46,818,No Failure
69,1,86,4607,295,29,58,26,31,54,628,No Failure
58,0,155,3091,12,99,88,22,133,17,455,No Failure
60,0,116,4731,214,98,37,14,359,44,771,No Failure
67,0,109,3385,192,44,54,49,419,83,594,No Failure
75,0,145,1284,13,30,59,28,243,89,941,No Failure
50,3,144,2936,160,73,32,43,152,54,689,No Failure
57,3,191,2662,295,34,60,40,226,26,700,No Failure
52,3,176,923,297,63,35,7,309,17,208,No Failure
41,3,141,2601,105,93,40,43,277,50,641,Overheating
30,1,58,4124,164,21,52,41,331,32,267,No Failure
38,2,111,3608,296,59,69,13,212,82,478,No Failure
67,1,184,588,232,1,51,19,165,20,311,No Failure
35,0,100,4585,77,88,55,43,221,55,460,No Failure
54,4,77,3185,82,2,44,33,393,72,284,No Failure
35,4,179,875,262,86,44,6,424,17,907,No Failure
20,0,97,2231,297,71,48,20,316,86,140,No Failure
24,1,184,3686,283,7,44,44,106,18,364,No Failure
41,0,89,3257,182,5,47,41,277,43,343,No Failure
21,4,102,1894,103,19,69,30,283,10,380,No Failure
35,3,151,3116,282,69,80,22,156,52,250,High Vibration
44,2,50,4614,264,34,49,29,397,31,572,No Failure
31,1,79,3810,98,12,71,19,463,64,158,No Failure
59,3,104,1724,154,38,76,13,388,52,701,No Failure
40,2,176,4242,250,19,50,18,215,94,293,Component Wear
36,0,127,552,289,3,63,22,285,71,638,No Failure
20,1,62,2295,225,8,73,37,66,44,132,No Failure
21,3,81,3821,158,2,64,17,415,33,699,No Failure
60,0,127,1796,122,51,82,20,386,33,764,No Failure
76,2,71,4700,76,29,35,26,296,89,788,No Failure
34,3,198,3940,11,28,82,13,487,72,591,No Failure
74,2,96,1629,63,56,58,20,96,95,471,No Failure
40,0,162,4597,260,7,78,8,298,61,619,No Failure
41,2,104,2395,118,10,87,19,278,95,571,No Failure
71,2,181,1407,10,97,60,36,382,87,850,No Failure
58,4,71,2401,145,52,86,15,494,72,568,No Failure
23,1,192,3257,50,15,57,40,88,66,311,No Failure
55,2,92,1174,135,34,64,39,292,68,685,No Failure
57,2,141,1997,85,64,87,34,27,30,462,No Failure
76,0,193,2715,93,55,56,9,111,55,736,No Failure
23,2,161,1975,63,49,86,16,76,98,249,No Failure
53,4,80,512,193,87,42,25,221,61,459,No Failure
79,1,149,2825,44,49,44,45,387,47,447,No Failure
51,2,186,1889,121,26,55,44,231,23,717,No Failure
47,1,124,2303,288,12,79,9,42,86,214,Component Wear
76,1,75,3503,296,92,49,48,383,95,500,No Failure
46,2,56,1854,243,27,83,27,228,69,123,No Failure
37,3,133,901,182,34,51,38,102,70,492,No Failure
74,2,128,4734,85,61,50,27,413,11,176,No Failure
59,4,53,4046,230,11,79,10,35,29,542,No Failure
64,0,74,2469,110,29,55,44,188,41,906,No Failure
55,0,133,1907,175,42,51,25,211,56,971,No Failure
37,1,83,3126,223,48,53,47,84,51,826,No Failure
44,3,121,4501,37,42,65,41,299,68,181,No Failure
23,3,195,2834,188,63,80,9,261,68,897,High Vibration
50,4,108,2516,222,47,85,43,331,44,153,No Failure
32,4,76,2027,185,75,40,24,485,45,399,No Failure
44,1,51,1405,274,26,39,25,374,67,992,No Failure
47,4,108,1014,55,88,45,7,152,83,571,No Failure
70,4,62,1445,74,48,62,19,401,91,926,No Failure
25,0,137,1398,97,6,70,6,74,59,376,No Failure
42,1,169,2289,139,47,50,21,112,99,440,No Failure
45,2,98,4045,47,55,86,16,337,35,108,No Failure
38,3,152,1801,28,97,34,22,64,17,166,No Failure
78,4,101,2176,138,76,68,48,65,94,230,No Failure
48,0,56,2097,131,55,69,21,429,35,223,No Failure
38,1,77,928,114,6,66,23,478,12,271,No Failure
28,0,172,4288,164,19,53,48,403,39,322,No Failure
68,4,158,1001,188,1,31,19,55,52,343,No Failure
37,2,97,3848,16,67,83,17,180,99,565,No Failure
47,4,54,2248,173,7,74,29,328,26,228,No Failure
34,3,113,3579,107,11,75,21,306,37,979,No Failure
57,2,135,4591,280,62,36,49,48,38,906,No Failure
65,3,117,4646,239,64,33,34,415,69,222,No Failure
34,0,166,1964,235,53,81,8,206,98,225,No Failure
56,4,67,1906,102,65,74,21,20,60,980,No Failure
44,3,91,4866,250,85,53,18,284,43,171,No Failure
48,2,118,2292,65,60,84,24,348,65,738,No Failure
31,2,177,4434,251,19,57,45,15,86,394,No Failure
38,0,140,4594,60,95,40,20,214,68,999,Overheating
59,4,106,3011,22,51,88,11,368,47,353,No Failure
39,4,161,3073,274,26,62,25,96,38,571,No Failure
33,0,187,4007,283,76,77,28,354,68,700,No Failure
75,1,170,3828,120,39,52,9,250,35,825,No Failure
41,2,81,1036,213,98,53,8,315,76,164,No Failure
52,4,62,4470,247,53,46,28,339,99,139,No Failure
62,4,58,2875,20,14,34,16,418,30,527,No Failure
54,0,51,671,26,9,34,13,11,15,198,No Failure
29,1,194,4548,286,87,65,20,466,63,446,No Failure
30,1,124,4254,283,50,72,45,176,68,690,No Failure
57,1,124,3961,234,4,36,30,80,53,581,No Failure
31,4,171,923,226,86,77,49,145,64,531,No Failure
48,3,55,3801,80,47,57,16,333,17,963,No Failure
71,2,154,1901,55,45,70,10,100,18,647,Pressure Drop
68,3,109,3563,68,4,33,46,386,94,727,No Failure
68,3,124,3798,258,1,59,31,206,51,707,No Failure
32,4,50,1720,242,7,71,20,79,72,181,No Failure
77,2,118,3546,222,97,38,49,175,73,101,No Failure
27,1,125,3986,17,47,59,49,340,96,401,No Failure
45,2,193,1861,299,77,72,34,452,69,113,No Failure
25,4,70,2742,209,75,66,41,15,17,201,No Failure
78,4,70,1236,137,59,61,13,352,15,109,No Failure
39,0,111,4625,195,50,43,10,250,45,673,No Failure
41,2,83,2898,80,34,78,41,186,95,716,No Failure
32,1,127,741,45,79,40,22,319,20,580,No Failure
73,1,119,4367,225,46,79,7,171,96,757,No Failure
76,3,165,4675,52,7,80,32,380,64,795,No Failure
66,3,140,3914,260,52,72,38,411,76,713,No Failure
78,0,91,2334,284,95,57,33,11,96,775,No Failure
30,1,165,4854,67,93,66,41,195,60,971,No Failure
74,2,151,1086,125,11,49,15,306,70,940,No Failure
70,3,122,4450,113,76,36,15,292,14,612,No Failure
37,3,50,813,202,76,87,10,20,82,801,No Failure
54,3,105,3930,186,40,34,42,373,63,461,No Failure
39,3,81,3196,233,60,48,20,210,52,723,No Failure
78,1,168,3848,200,79,74,22,407,12,777,No Failure
72,3,109,4362,173,33,70,18,351,50,266,Pressure Drop
20,3,127,3118,134,74,86,24,35,95,963,No Failure
74,0,196,4247,143,22,70,23,240,45,152,No Failure
32,0,175,3902,80,61,56,19,201,73,759,No Failure
35,0,113,3456,169,80,83,48,249,95,680,No Failure
57,2,194,4905,48,17,78,40,257,71,634,No Failure
67,4,107,1744,148,15,32,23,134,75,320,No Failure
57,0,95,2517,226,78,64,20,90,51,378,No Failure
47,2,53,2452,203,21,69,42,146,39,629,No Failure
58,3,189,1254,176,80,49,41,228,48,967,No Failure
29,1,177,2229,246,38,84,9,108,18,244,No Failure
64,2,51,4912,277,74,51,44,465,47,939,No Failure
37,2,120,4101,61,28,55,45,314,24,324,No Failure
34,4,177,4022,230,85,72,10,426,59,155,No Failure
62,1,81,2225,277,78,45,31,107,33,714,No Failure
38,0,72,1285,101,53,30,30,421,45,725,No Failure
29,0,136,4754,96,89,38,27,418,60,418,No Failure
77,3,125,4549,92,81,53,23,395,53,846,No Failure
44,3,143,1045,108,77,34,33,73,90,807,No Failure
38,3,137,2342,100,51,48,14,383,68,115,No Failure
59,4,186,1217,238,83,65,23,332,28,125,No Failure
43,3,53,2878,166,82,64,25,349,50,690,No Failure
56,4,153,3929,260,83,30,32,464,38,825,No Failure
23,3,72,3077,296,33,89,38,212,44,597,No Failure
33,0,63,1019,16,82,58,38,76,71,800,No Failure
54,0,111,1540,144,6,41,31,355,26,661,No Failure
77,2,199,3122,264,64,55,43,188,46,867,Component Wear
32,4,154,2992,34,47,64,42,285,93,429,No Failure
61,0,166,549,11,56,71,12,151,28,562,No Failure
39,2,104,3978,13,14,75,30,88,51,309,No Failure
39,1,189,2026,204,66,80,32,400,98,802,No Failure
53,2,100,3348,40,35,38,17,456,93,674,No Failure
56,3,107,4140,126,68,46,18,495,91,791,No Failure
21,2,103,981,177,37,43,37,493,13,384,No Failure
44,2,184,676,78,83,89,5,464,68,536,No Failure
21,1,108,3324,120,21,57,9,424,32,889,No Failure
31,1,140,2438,20,19,41,5,236,84,730,No Failure
38,0,176,2784,239,21,42,36,322,26,389,Component Wear
34,2,58,1163,149,98,89,36,238,28,223,No Failure
24,4,148,4113,39,66,38,41,330,79,436,No Failure
45,1,115,2358,76,96,80,44,282,38,994,No Failure
59,2,147,1322,61,54,75,47,118,97,481,No Failure
53,0,185,2175,103,53,45,34,259,20,571,No Failure
52,1,182,835,267,21,88,47,72,43,219,No Failure
63,1,130,4149,116,91,84,22,317,91,242,No Failure
46,2,170,1070,247,20,59,22,183,94,721,No Failure
44,3,100,1672,99,45,73,7,381,24,403,No Failure
32,2,129,1548,29,97,56,44,495,10,464,No Failure
75,0,152,1021,248,93,42,36,118,13,513,No Failure
20,3,148,3442,249,57,79,30,59,70,685,No Failure
20,1,85,3035,11,78,68,22,381,88,635,No Failure
55,0,151,1708,207,5,69,9,294,25,671,No Failure
24,3,166,2739,101,26,50,45,363,83,473,No Failure
54,1,89,2697,190,25,41,42,58,98,915,Overheating
51,4,197,1798,98,27,80,9,160,48,490,No Failure
32,0,144,2636,147,1,39,20,210,97,697,No Failure
28,0,73,2753,104,77,32,43,38,37,426,No Failure
35,3,70,4307,12,13,42,8,38,99,252,No Failure
60,2,85,3986,205,17,33,43,153,94,564,High Vibration
27,4,64,2417,236,72,69,41,138,40,180,Component Wear
38,4,103,4664,184,69,52,14,449,17,732,Overheating
67,1,83,2254,208,20,30,24,385,57,616,No Failure
64,2,58,1867,292,18,47,45,311,82,934,No Failure
48,3,106,1703,145,20,38,11,107,56,817,Component Wear
45,2,157,2738,247,56,51,36,103,90,153,No Failure
70,3,141,4776,29,78,70,48,100,36,240,No Failure
77,2,55,3723,232,38,55,12,153,85,315,No Failure
63,3,164,1123,298,3,59,22,429,63,715,No Failure
68,4,55,2337,285,5,52,18,221,48,319,No Failure
75,4,83,4892,57,87,70,35,106,88,890,No Failure
74,0,103,3790,273,65,88,13,116,66,191,No Failure
75,3,144,2588,44,47,57,31,366,21,775,No Failure
44,0,85,4758,241,31,48,39,141,67,823,No Failure
42,4,197,2781,230,4,72,49,84,34,410,No Failure
45,0,140,1247,189,31,64,11,373,74,566,No Failure
41,1,165,1132,208,84,78,45,321,71,876,No Failure
34,3,194,3394,206,50,65,11,13,73,710,No Failure
53,2,72,2779,69,77,68,26,66,67,686,No Failure
31,3,99,4931,128,33,75,45,445,97,721,No Failure
45,1,134,3035,75,89,32,27,44,39,472,No Failure
69,0,198,2186,261,65,62,45,440,75,156,No Failure
58,3,107,3715,12,84,83,17,134,48,440,No Failure
76,3,157,1142,278,95,82,39,106,14,512,High Vibration
73,2,52,2247,140,31,87,26,389,16,466,No Failure
30,4,151,3252,141,58,48,14,171,72,837,No Failure
34,4,135,1635,285,7,68,6,476,51,404,Pressure Drop
63,4,93,2248,33,65,30,10,264,17,332,No Failure
46,1,191,4819,72,1,34,7,186,95,997,No Failure
40,1,128,3089,149,67,73,32,111,60,558,No Failure
47,3,108,4942,263,89,70,26,480,21,617,No Failure
39,2,160,4199,236,31,61,40,205,82,114,No Failure
50,2,113,4306,223,58,89,20,243,82,751,No Failure
36,2,175,3792,178,73,67,25,280,25,211,Component Wear
30,4,197,3075,62,27,43,35,344,24,804,Overheating
67,2,195,4295,162,59,70,41,11,62,224,Overheating
21,0,127,3679,198,83,55,30,226,13,652,No Failure
58,3,102,4718,189,38,52,20,76,57,779,Overheating
25,2,132,1421,252,58,89,22,318,26,863,No Failure
33,1,59,3785,272,18,47,13,273,52,833,No Failure
60,1,90,1832,33,52,61,18,427,16,229,No Failure
72,2,144,2434,68,54,38,10,15,13,136,No Failure
27,2,78,1759,200,87,47,6,414,27,375,No Failure
66,4,168,4466,93,29,54,40,223,16,949,No Failure
48,1,89,2572,255,24,47,7,142,92,294,No Failure
56,2,173,4232,14,8,75,23,421,31,682,No Failure
51,0,96,1855,62,76,74,12,390,56,851,No Failure
71,0,93,2537,217,67,61,38,16,69,950,No Failure
30,4,128,4122,284,22,32,6,198,46,266,No Failure
49,0,176,1075,187,41,87,13,427,37,591,No Failure
30,3,174,1317,54,3,70,21,311,34,497,No Failure
75,1,173,3783,131,94,53,26,371,10,153,No Failure
30,1,138,3968,152,71,74,48,130,47,759,No Failure
25,3,148,2756,37,3,83,34,317,21,931,No Failure
55,3,195,1601,72,75,48,8,93,23,663,No Failure
43,4,66,825,125,82,84,45,173,25,923,Component Wear
21,0,117,1849,263,91,73,14,374,96,741,No Failure
24,2,87,762,82,73,59,16,109,65,456,No Failure
62,4,93,4534,187,72,75,39,286,98,886,No Failure
59,1,134,1177,251,43,51,32,93,71,985,No Failure
72,1,64,3311,225,51,80,30,122,49,447,No Failure
54,4,193,1623,101,8,70,47,100,43,150,No Failure
69,2,64,624,70,26,49,20,338,88,542,No Failure
34,3,155,2122,82,9,56,29,109,18,683,No Failure
63,2,156,3515,206,73,82,23,468,83,640,No Failure
60,2,116,4479,145,48,45,48,51,37,962,No Failure
71,0,145,3785,78,63,72,22,400,11,915,No Failure
24,1,127,4161,14,77,49,18,50,20,882,High Vibration
45,2,105,4656,287,29,84,21,67,93,299,No Failure
43,4,190,3356,280,54,74,39,119,13,488,No Failure
28,4,127,4113,22,81,36,40,269,48,546,No Failure
56,2,171,1182,244,82,88,25,346,69,870,No Failure
61,4,51,3510,121,21,60,15,178,72,783,No Failure
46,4,195,2755,83,22,56,47,391,94,903,No Failure
71,3,112,3493,108,60,48,41,495,39,806,No Failure
74,4,95,2361,36,28,50,9,141,69,255,No Failure
24,2,78,3601,195,12,53,29,108,65,292,No Failure
38,1,134,1979,271,78,47,31,364,35,228,High Vibration
65,3,148,2437,19,61,88,47,290,53,858,No Failure
58,4,98,952,259,35,79,42,373,39,512,No Failure
54,4,129,4222,147,65,43,23,268,42,756,No Failure
65,0,104,3776,292,13,34,49,332,83,336,No Failure
28,3,83,4784,264,22,46,33,348,75,439,No Failure
22,1,141,1403,146,45,49,17,59,44,274,Component Wear
79,0,106,2895,175,50,41,36,45,87,363,High Vibration
46,2,77,4083,123,94,75,40,249,59,274,No Failure
72,0,125,2479,232,44,88,13,44,89,623,No Failure
57,2,199,660,95,9,62,36,77,53,560,No Failure
23,2,159,3596,70,45,30,48,268,32,752,No Failure
75,0,99,1613,233,16,37,7,234,63,856,No Failure
78,4,149,2770,31,57,30,44,499,11,381,No Failure
55,4,95,1333,258,6,47,15,252,99,146,Pressure Drop
33,0,77,2577,272,20,71,38,437,91,407,No Failure
22,1,198,2244,91,22,57,36,392,94,896,No Failure
69,3,198,585,41,88,35,30,294,15,847,No Failure
27,1,169,1726,103,26,30,40,212,35,127,No Failure
53,0,122,1177,260,83,35,24,18,78,593,No Failure
54,2,192,999,198,9,58,38,283,71,282,No Failure
35,2,194,3208,285,15,58,23,459,24,908,No Failure
57,4,130,1380,260,89,52,42,49,12,656,No Failure
76,1,115,1010,49,18,53,43,297,96,149,No Failure
55,2,187,4040,208,59,51,11,47,76,727,No Failure
65,0,148,3618,150,25,78,42,176,11,973,No Failure
57,1,110,4733,114,12,40,11,417,51,116,Component Wear
38,1,148,1564,152,1,82,8,199,62,412,No Failure
29,2,116,2769,10,24,69,5,460,26,702,No Failure
47,1,105,4298,147,94,79,48,348,65,490,No Failure
42,0,127,2723,140,16,39,24,151,81,858,No Failure
78,1,158,2254,102,80,35,15,313,65,186,Overheating
33,3,73,1018,93,11,31,40,110,97,686,No Failure
46,4,84,3246,107,8,70,34,411,62,811,Overheating
44,3,151,1731,104,87,48,7,450,87,537,No Failure
46,4,112,4120,188,64,81,17,375,25,995,No Failure
53,1,101,3900,151,35,75,7,297,28,454,No Failure
32,0,75,4709,18,27,57,46,455,34,469,No Failure
32,4,195,2355,167,55,66,34,44,67,467,No Failure
55,0,98,2870,140,94,40,16,243,70,731,No Failure
54,2,146,4234,164,90,64,9,369,44,967,No Failure
34,3,198,4088,33,96,65,14,225,22,222,No Failure
45,2,127,1442,100,96,65,24,142,67,851,Pressure Drop
65,2,81,3606,246,83,42,20,48,61,778,No Failure
38,1,116,3309,41,11,58,21,415,57,781,No Failure
75,1,135,1634,136,36,57,16,279,88,896,No Failure
59,3,150,1724,78,45,77,31,337,54,633,Component Wear
73,2,144,2303,52,14,34,37,77,37,786,No Failure
58,1,137,2928,234,18,55,7,139,80,286,Component Wear
45,4,197,3395,47,57,88,33,61,90,140,No Failure
62,2,158,4985,236,54,33,22,263,39,400,No Failure
60,0,76,4879,167,3,43,32,347,61,750,No Failure
56,4,134,4405,298,51,59,32,126,18,984,High Vibration
31,2,153,3659,167,56,82,22,435,43,608,Overheating
22,0,56,4939,210,84,46,21,460,59,441,Pressure Drop
30,3,92,3422,224,74,65,21,28,70,480,No Failure
50,3,192,4521,282,94,44,27,415,36,568,No Failure
63,0,70,2316,92,64,77,20,82,80,885,No Failure
32,3,75,650,279,92,79,23,343,44,570,No Failure
76,3,165,2091,147,34,34,5,25,60,184,No Failure
38,0,78,4609,102,92,76,40,154,55,591,No Failure
36,0,85,4057,136,37,87,15,109,61,921,No Failure
60,1,83,1171,42,79,66,15,150,26,571,No Failure
78,3,139,3545,205,41,66,37,282,78,320,No Failure
47,2,78,2718,51,23,73,17,312,49,770,Pressure Drop
79,4,51,2651,259,14,69,25,351,53,572,No Failure
58,4,112,4087,289,38,39,27,97,16,791,No Failure
28,0,180,2962,156,89,85,36,17,12,122,No Failure
67,4,133,3102,16,92,63,9,421,26,582,No Failure
20,3,91,3901,14,17,64,10,114,27,757,No Failure
30,2,158,4830,240,98,85,33,343,80,724,No Failure
33,4,128,3176,154,73,37,37,411,23,247,No Failure
27,4,137,2867,101,87,49,41,51,19,668,No Failure
22,1,147,4424,240,76,39,17,164,78,570,No Failure
79,1,66,2030,83,81,67,28,424,26,393,No Failure
51,4,117,4210,137,53,84,9,10,84,508,No Failure
75,4,129,4877,34,71,66,45,104,47,472,No Failure
37,0,84,4783,126,65,48,9,347,41,812,No Failure
30,3,152,3005,155,92,70,37,189,89,720,No Failure
65,2,71,635,295,57,51,18,282,24,813,No Failure
74,2,176,2615,226,24,39,38,276,37,501,No Failure
66,2,110,2725,154,64,69,42,96,14,953,No Failure
53,0,74,4604,57,33,49,48,109,54,241,No Failure
71,2,104,2827,226,40,66,29,348,10,354,No Failure
32,4,197,3566,80,89,87,20,80,95,575,No Failure
57,3,58,4959,282,51,68,9,415,73,358,Overheating
76,3,120,4829,67,91,63,40,32,29,923,No Failure
25,0,116,2696,236,0,71,40,340,96,446,No Failure
73,0,56,3603,252,22,50,10,392,62,621,No Failure
65,1,191,2244,60,77,45,41,281,20,571,No Failure
22,4,81,544,169,88,55,5,95,74,321,No Failure
73,3,79,4817,166,16,54,11,272,95,606,No Failure
31,2,76,2324,185,76,71,18,93,45,558,No Failure
29,1,156,1594,32,91,76,32,360,64,545,No Failure
25,3,142,3970,216,83,61,46,45,42,672,No Failure
44,1,61,4580,148,79,78,38,300,27,554,No Failure
48,0,63,2826,178,63,39,33,29,34,811,No Failure
39,4,94,2356,203,50,82,22,75,29,937,No Failure
38,3,114,4639,226,81,72,14,196,31,314,No Failure
32,0,172,4861,14,37,66,47,282,32,407,No Failure
36,4,165,2195,250,94,55,23,209,64,533,No Failure
67,1,75,2552,59,10,68,37,211,26,566,No Failure
43,1,65,4199,173,77,69,20,499,30,712,No Failure
24,4,91,4768,142,41,84,35,263,12,754,No Failure
24,0,168,2820,48,34,35,24,79,15,224,No Failure
74,4,189,3452,259,98,45,21,459,39,330,No Failure
63,1,141,2906,139,55,42,17,468,45,298,No Failure
35,4,166,1467,97,31,30,20,89,51,571,No Failure
57,0,176,2834,102,71,75,23,373,30,506,No Failure
46,2,171,986,200,87,31,11,468,45,719,No Failure
24,4,148,4238,110,75,63,19,311,78,314,No Failure
39,2,76,4377,274,39,34,41,266,96,818,No Failure
36,1,158,2259,187,35,60,16,135,12,862,No Failure
44,2,197,2842,181,14,40,22,485,89,262,Overheating
57,4,146,639,193,43,49,24,315,75,860,No Failure
25,1,150,2262,166,88,31,6,123,75,105,No Failure
54,2,174,3135,175,44,65,33,368,98,219,No Failure
64,4,74,1990,42,29,56,9,459,87,508,No Failure
43,1,66,4025,268,56,76,35,203,49,905,No Failure
20,4,106,3236,285,0,39,18,68,65,591,No Failure
59,0,60,2603,132,71,67,13,319,28,886,Pressure Drop
52,3,62,1094,250,16,32,18,28,25,532,No Failure
45,0,132,2901,19,69,40,17,196,93,325,No Failure
38,0,173,2407,36,26,84,5,278,29,187,Pressure Drop
39,4,158,4313,10,72,30,49,43,94,293,No Failure
67,0,194,2392,50,1,57,31,396,79,670,No Failure
66,1,182,1626,152,13,58,15,73,29,145,No Failure
68,3,92,3155,295,67,38,10,61,32,806,No Failure
44,3,195,992,259,49,76,20,368,30,640,No Failure
40,1,103,4215,277,11,76,46,410,76,427,Overheating
63,2,52,4160,160,72,85,12,171,88,789,No Failure
63,3,130,1983,160,21,60,8,142,83,243,No Failure
48,4,79,3799,69,78,62,11,403,31,970,No Failure
32,2,183,3669,211,45,87,12,483,17,622,No Failure
55,2,74,800,276,20,34,17,328,86,518,No Failure
23,1,156,1905,238,41,60,47,117,12,394,No Failure
72,4,89,1568,182,36,69,17,490,69,156,No Failure
35,0,153,2291,165,0,53,45,245,37,684,Overheating
32,1,134,3667,185,94,53,24,87,28,643,No Failure
73,0,178,2542,277,74,80,25,49,65,786,No Failure
73,2,101,4545,213,45,68,26,219,63,933,No Failure
57,3,183,4379,157,91,79,20,25,72,755,No Failure
48,1,107,2424,210,2,44,37,26,10,696,No Failure
58,2,173,4476,99,11,37,46,185,31,454,No Failure
62,4,122,3972,264,88,55,18,294,97,831,Overheating
35,1,199,570,138,42,70,39,376,53,533,No Failure
74,0,138,3632,297,43,79,39,451,27,145,No Failure
78,2,105,4907,136,83,38,18,391,72,899,High Vibration
40,4,67,4902,128,69,31,42,364,93,256,No Failure
61,2,181,2667,117,36,30,14,275,85,799,No Failure
46,4,97,500,126,34,41,43,499,22,527,No Failure
30,0,183,910,261,7,59,46,321,98,810,No Failure
44,1,175,823,87,90,31,16,333,91,423,No Failure
61,3,83,1490,37,66,57,38,45,84,106,No Failure
48,4,197,4025,21,92,33,14,132,99,888,No Failure
51,4,132,2958,95,13,35,28,316,59,298,No Failure
28,2,104,2344,281,26,37,16,283,45,150,No Failure
67,1,156,3892,196,67,76,6,266,10,781,Pressure Drop
53,4,111,3650,31,39,39,25,446,18,860,No Failure
55,3,149,3513,166,77,83,28,243,20,745,No Failure
31,4,68,2444,50,41,41,35,168,25,885,No Failure
64,2,144,3885,168,11,58,30,99,27,792,No Failure
54,3,66,1531,53,63,30,46,391,68,768,No Failure
55,0,66,4076,188,85,71,26,121,42,278,No Failure
39,2,123,4428,299,83,43,35,14,48,581,No Failure
64,3,183,3794,134,70,32,19,486,71,630,No Failure
46,1,182,2850,240,39,48,9,424,83,240,No Failure
26,4,192,4152,255,44,32,9,345,33,492,No Failure
39,0,53,4237,257,68,42,8,143,47,520,Overheating
29,0,109,906,78,74,48,17,434,24,260,High Vibration
69,4,78,819,34,24,88,48,69,32,191,No Failure
30,1,184,3339,277,81,41,18,108,96,805,No Failure
27,0,90,4357,205,59,51,32,31,70,348,No Failure
61,2,65,1655,123,81,59,41,248,42,466,No Failure
61,4,128,911,269,75,89,29,131,23,627,No Failure
29,1,162,984,25,31,46,15,359,61,830,No Failure
60,3,153,972,234,22,51,7,494,45,911,No Failure
64,3,169,2411,16,27,55,26,73,65,209,No Failure
57,3,116,3513,230,71,82,13,487,18,242,No Failure
33,1,128,3024,245,63,73,13,106,84,240,No Failure
63,2,97,1610,181,30,39,11,379,26,777,No Failure
43,2,115,742,260,39,52,21,114,83,998,No Failure
36,3,180,2624,170,83,64,40,29,10,532,No Failure
23,1,87,1986,115,46,84,14,70,58,804,Pressure Drop
44,2,190,4113,103,79,79,31,298,78,303,No Failure
42,4,105,2763,286,51,51,15,37,94,115,No Failure
45,2,73,1917,236,11,64,14,46,59,956,No Failure
21,2,189,3324,283,57,78,34,109,55,446,No Failure
25,4,54,1953,139,43,35,24,362,60,583,No Failure
42,1,185,3694,103,80,70,6,59,17,873,No Failure
62,2,123,1135,240,17,70,14,347,57,485,No Failure
60,1,81,2177,227,30,42,28,88,98,463,No Failure
70,4,198,3676,164,42,32,28,402,79,264,No Failure
24,4,87,3136,87,10,45,39,186,97,992,No Failure
69,4,147,3961,220,54,44,33,407,27,402,High Vibration
21,2,164,2995,88,93,62,48,434,30,771,Pressure Drop
31,4,65,2657,51,83,42,41,25,29,983,No Failure
71,4,72,3903,172,63,32,40,58,57,132,No Failure
34,1,152,4815,197,7,33,10,225,32,850,No Failure
55,3,164,4886,105,80,33,35,268,17,703,No Failure
49,3,141,3013,214,86,45,45,252,17,321,No Failure
78,0,135,586,46,72,79,37,97,68,172,Overheating
69,0,100,3638,194,87,78,29,228,35,254,Component Wear
66,0,112,2798,180,37,63,46,412,48,203,High Vibration
28,2,119,1708,178,85,54,22,76,63,655,No Failure
66,1,58,2734,184,87,66,10,92,64,908,No Failure
66,1,147,3803,266,22,33,27,73,61,721,No Failure
31,2,88,3647,48,48,58,21,390,91,236,No Failure
34,4,95,4922,251,63,80,17,141,94,952,No Failure
71,2,158,535,113,22,37,36,285,90,200,No Failure
42,4,76,575,235,20,67,31,172,84,290,No Failure
76,1,55,4401,111,43,87,28,411,75,992,High Vibration
36,2,192,1328,279,61,61,42,98,13,564,No Failure
70,1,71,1404,18,91,70,35,204,73,988,No Failure
38,0,125,962,29,25,66,5,134,28,678,No Failure
30,3,160,1970,213,60,66,26,14,78,901,No Failure
37,2,184,1719,79,78,36,24,324,77,832,No Failure
28,2,138,750,134,88,43,19,209,16,520,No Failure
70,0,198,1259,149,12,89,5,28,81,577,No Failure
33,2,107,2426,168,1,79,5,467,41,778,No Failure
57,2,171,4970,62,53,62,13,440,85,161,No Failure
39,4,135,2671,242,29,43,5,117,42,731,Overheating
56,2,175,2858,283,96,46,8,270,11,235,Overheating
61,0,70,4224,16,78,51,42,321,85,582,No Failure
65,3,61,4883,231,99,51,9,461,84,385,No Failure
25,0,173,3030,174,34,74,16,289,41,525,No Failure
57,0,157,2953,212,5,79,8,345,13,971,Overheating
22,3,144,4333,285,31,49,14,276,41,465,No Failure
77,2,182,1888,138,82,58,7,162,69,893,No Failure
23,3,176,2417,283,55,46,5,332,57,856,No Failure
60,1,117,1988,176,63,62,48,233,87,403,Component Wear
77,3,107,3073,24,57,38,49,129,79,485,No Failure
36,0,50,4883,118,84,32,27,61,25,700,No Failure
49,3,167,2355,157,50,72,26,397,45,420,High Vibration
74,2,164,3074,286,9,85,19,466,80,120,No Failure
45,4,176,2059,284,9,72,6,227,42,723,No Failure
39,1,99,2555,173,1,60,18,162,47,137,No Failure
20,4,76,649,30,21,49,20,218,82,261,No Failure
48,4,114,750,196,82,73,46,371,47,594,No Failure
39,3,50,3623,178,64,50,19,361,41,850,No Failure
64,3,199,4585,239,4,86,26,107,97,452,No Failure
33,0,63,1474,256,29,77,22,425,29,940,Overheating
62,3,123,4284,212,55,32,5,194,91,671,No Failure
72,2,72,943,268,58,85,30,54,32,290,No Failure
25,1,74,2495,89,85,64,24,493,91,768,No Failure
61,1,59,3752,80,30,38,47,86,42,555,No Failure
78,4,111,3138,56,2,69,49,274,75,668,No Failure
60,3,189,955,81,73,51,40,425,16,911,No Failure
63,1,112,4418,202,64,61,23,180,41,751,No Failure
36,2,162,582,218,83,38,5,126,44,560,No Failure
35,3,146,1510,264,15,68,43,27,75,283,No Failure
71,2,182,4051,87,56,37,30,237,43,812,No Failure
26,3,93,1403,289,35,45,34,26,51,260,No Failure
30,2,126,3497,293,31,35,24,260,99,911,No Failure
20,2,50,1927,149,98,60,29,150,72,115,No Failure
26,4,52,2977,162,15,72,32,55,75,202,No Failure
41,2,166,2010,175,35,71,19,75,47,258,No Failure
20,4,175,2566,258,5,52,36,55,60,797,No Failure
31,1,72,1269,250,89,63,18,334,20,466,No Failure
78,4,84,502,207,19,68,34,415,95,740,No Failure
27,3,105,3935,66,44,50,11,308,57,627,No Failure
41,2,114,2193,48,38,55,8,452,61,244,No Failure
59,2,166,3878,259,54,34,25,489,59,683,Overheating
66,4,170,1439,204,7,84,19,124,91,200,No Failure
75,2,111,2754,233,1,65,42,169,34,951,No Failure
77,4,124,1996,297,50,59,46,253,53,763,No Failure
33,0,82,4451,200,43,87,35,71,81,625,No Failure
48,4,182,1884,143,27,80,19,310,85,315,No Failure
72,0,144,1805,44,14,45,23,394,70,933,No Failure
28,1,151,840,103,15,80,10,370,34,613,No Failure
36,0,151,3302,204,64,54,13,154,59,542,No Failure
38,4,132,3345,151,11,61,11,259,22,623,No Failure
54,0,111,2193,89,68,70,8,170,38,597,No Failure
38,2,80,806,259,50,76,47,50,16,571,Pressure Drop
49,2,97,3453,260,62,55,13,52,95,165,No Failure
53,0,60,1930,204,78,48,48,322,98,242,Component Wear
41,4,70,3060,216,75,46,6,223,44,526,No Failure
59,3,88,4687,266,49,30,34,454,43,607,No Failure
34,3,58,1145,158,92,81,42,37,13,249,No Failure
74,1,176,4753,149,88,86,17,285,98,269,No Failure
27,1,57,4502,189,42,65,24,127,67,783,No Failure
44,0,69,1751,214,9,83,14,246,16,818,No Failure
56,0,193,1668,90,4,86,29,235,33,228,No Failure
55,2,135,2332,36,96,44,10,418,49,850,No Failure
24,2,170,4883,33,97,40,28,109,31,210,No Failure
37,2,71,2532,113,14,58,47,293,45,890,No Failure
47,1,50,3270,22,10,36,25,425,76,551,No Failure
53,4,156,4827,107,51,65,19,267,15,905,No Failure
77,3,146,3489,162,34,64,30,390,53,705,No Failure
78,3,120,3923,48,16,48,36,340,17,629,No Failure
23,2,74,2533,66,53,33,26,459,73,722,No Failure
65,4,103,1776,261,65,42,23,213,83,520,No Failure
22,4,150,2131,136,26,79,22,72,88,686,No Failure
35,1,148,1154,84,12,48,34,131,96,807,No Failure
59,3,77,2010,17,81,79,31,93,49,172,No Failure
63,4,189,851,10,97,46,30,435,16,754,No Failure
58,0,128,4818,232,63,60,28,188,18,660,No Failure
66,2,153,3572,145,88,76,28,90,53,934,No Failure
64,3,80,1838,118,83,55,48,169,59,862,No Failure
25,3,58,1494,247,55,38,41,229,44,531,No Failure
64,1,152,2312,240,62,66,38,273,67,441,Overheating
68,4,159,4928,172,81,79,17,288,12,463,Pressure Drop
32,0,119,2553,133,12,88,43,185,17,670,Overheating
70,3,194,4360,68,87,78,26,325,73,809,No Failure
47,1,91,984,189,54,32,15,452,15,584,No Failure
21,1,65,522,126,15,48,25,496,79,510,High Vibration
45,3,131,3419,89,69,64,7,370,47,205,No Failure
73,2,159,3751,209,70,31,23,313,44,138,Pressure Drop
31,4,84,1485,237,50,72,40,241,77,823,Pressure Drop
41,4,88,3095,276,38,49,11,181,26,726,No Failure
27,4,100,3160,94,65,35,23,240,88,878,No Failure
21,4,112,1046,264,13,31,47,310,19,714,High Vibration
36,3,84,4966,23,67,47,41,309,10,243,No Failure
68,3,103,4241,285,4,57,42,212,48,657,No Failure
78,1,78,3640,199,98,46,7,332,30,681,No Failure
33,0,133,2424,93,66,66,34,431,34,479,No Failure
54,3,104,3296,12,26,55,16,143,78,495,No Failure
63,2,162,1864,162,96,70,10,283,69,439,No Failure
53,1,97,3667,75,40,84,38,265,19,390,No Failure
52,2,89,1062,266,0,59,28,40,52,160,No Failure
31,4,172,1314,192,3,77,16,214,61,789,No Failure
32,4,162,4518,226,49,71,23,285,83,899,Pressure Drop
60,3,144,2128,240,80,60,8,103,83,113,No Failure
47,0,53,3562,293,26,49,32,122,88,805,No Failure
47,4,154,3758,166,98,87,38,494,63,983,No Failure
28,4,101,4005,177,95,83,19,474,32,767,No Failure
27,2,172,2035,36,18,68,29,375,96,646,No Failure
42,1,50,2376,262,22,36,46,315,69,284,High Vibration
46,4,149,2859,131,1,41,43,108,35,267,No Failure
41,3,150,3956,215,1,88,30,442,96,505,No Failure
62,2,90,2317,43,7,81,8,17,83,866,Component Wear
48,2,116,1255,24,81,84,35,344,19,100,No Failure
31,3,137,4176,183,4,45,36,437,56,967,No Failure
27,1,90,3139,153,2,73,6,297,67,386,No Failure
68,0,136,4851,171,68,44,29,357,85,916,No Failure
73,2,77,2458,193,65,71,45,459,50,161,No Failure
36,3,96,877,131,20,33,16,471,49,885,No Failure
30,1,151,1435,111,94,88,37,113,95,835,No Failure
38,4,188,1359,271,84,34,49,84,53,449,No Failure
31,1,84,3383,276,32,38,26,346,86,383,No Failure
27,0,118,2607,67,29,72,49,370,99,421,No Failure
28,4,132,540,116,91,35,23,280,15,508,No Failure
21,3,194,687,31,82,36,44,40,85,528,No Failure
32,0,105,4466,97,72,66,24,106,17,963,No Failure
76,2,51,3128,270,72,78,14,411,70,755,No Failure
57,4,167,2316,212,83,48,23,304,30,280,No Failure
56,0,106,3656,87,7,78,28,371,68,846,No Failure
59,1,66,3178,205,28,30,28,349,42,759,No Failure
62,1,58,4129,75,12,75,42,135,18,409,No Failure
28,4,85,4501,141,46,72,48,62,25,524,No Failure
73,2,170,2991,294,70,78,48,15,98,194,No Failure
79,1,94,3658,108,28,48,27,433,31,274,No Failure
38,4,159,1634,213,0,38,33,264,66,640,No Failure
66,4,180,1453,296,56,63,36,424,62,681,No Failure
76,1,183,1110,23,24,68,47,225,52,400,No Failure
64,3,72,2202,135,49,74,43,433,73,337,High Vibration
56,3,182,4078,62,81,68,24,20,36,465,No Failure
74,1,142,1105,83,69,84,31,189,84,717,No Failure
26,1,60,3869,93,6,79,47,201,43,118,No Failure
76,2,186,1900,204,11,32,18,291,68,542,No Failure
23,1,55,3779,109,95,52,12,327,43,375,No Failure
30,4,147,3990,233,99,73,32,181,54,316,No Failure
50,3,97,4643,93,32,47,40,469,49,141,No Failure
20,1,80,1583,108,77,53,37,182,99,690,No Failure
28,3,144,2570,186,84,68,11,135,74,500,No Failure
66,0,196,4362,191,96,38,15,342,32,384,No Failure
74,3,141,2342,55,64,49,46,289,65,769,No Failure
72,4,66,902,13,20,70,44,466,66,280,No Failure
66,4,158,600,143,33,80,11,250,14,514,No Failure
65,0,115,3646,245,23,51,11,224,56,699,Overheating
52,2,142,4723,102,89,62,34,471,93,464,No Failure
63,3,168,3688,280,13,30,44,45,73,875,No Failure
37,3,135,3881,118,88,37,12,311,12,612,No Failure
57,4,124,3473,23,13,30,5,139,78,159,No Failure
76,0,118,1337,248,78,32,46,492,80,919,No Failure
49,3,193,1329,13,66,74,36,154,53,157,Pressure Drop
28,2,183,4739,111,92,55,10,483,20,375,Component Wear
44,4,59,590,19,56,33,37,163,16,155,Component Wear
56,2,52,2302,186,58,70,35,424,36,376,No Failure
29,1,137,1665,269,91,38,39,370,17,274,No Failure
